{
  "tasa_carrier": {
    "360LION": 0.0,
    "ADMINISTRADORA DE SERVICIOS BT SPA": 0.06626506024096386,
    "ALIANZA EMPRESARIAL MAGICO SAC": 1.0,
    "BICCI  EBIEX SPA": 1.0,
    "BLUEEXPRESS": 0.08422704682186764,
    "BORDESUR SPA": 0.14448979591836736,
    "CHILEXPRESS": 0.1281904215658159,
    "COURIER INTERNACIONAL": 0.7900677200902935,
    "DHL": 0.2639593908629442,
    "E MOV SPA": 0.5151515151515151,
    "E-BIEX SPA (BICCI)": 0.11294117647058824,
    "EMPRESA DE TRANSPORTES TRANSVIP SPA": 0.42857142857142855,
    "EMPRESA DE TRANSPORTES TRANSVIP SPA  ": 0.9047619047619048,
    "ENTREGAR\u00c2\u00a0CHILE\u00c2\u00a0SPA": 0.30120481927710846,
    "FALABELLA": 0.24617129892229156,
    "FALABELLA_GROUP": 0.9512195121951219,
    "FALAFLEX": 0.5847786694279058,
    "FLASH DELIVERY SCL SPA": 0.37349397590361444,
    "FLASH DELIVERY SCL SpA": 0.5666666666666667,
    "Flexit ": 0.3663663663663664,
    "Francisco Martinez": 0.13740458015267176,
    "HOME DELIVERY CORP": 0.08942531164166491,
    "INVERPADSOL SPA": 0.46938775510204084,
    "INVERPADSOL SPA  ": 0.8333333333333334,
    "INVERSIONES ALDANA CID SPA": 0.0743801652892562,
    "INVERSIONES ALDANA CID SPA JOINT": 0.21680672268907564,
    "INVERSIONES MORA OVALLE SPA": 0.0914262494920764,
    "LOGISTICA DE SERVICIOS INTEGRALES SPA": 0.23076923076923078,
    "MAILAMERICAS": 0.2978723404255319,
    "NOMAD": 0.042105263157894736,
    "PUMMA TRANSPORTES  JUAN  PABLO  GONZALEZ  SCHURTER EIRL": 0.3974358974358974,
    "REDTRUCKS SPA": 0.6666666666666666,
    "REDTRUCKS SpA": 0.42201834862385323,
    "ROCKTRUCK": 0.044980443285528034,
    "ROCKTRUCK SPA  ": 0.16666666666666666,
    "SANTA INES SPA CAM LOGISTC ": 0.8,
    "SELLER": 0.9935691318327974,
    "SERVICIOS DE TRANSPORTE PIPAU SPA": 0.014705882352941176,
    "SERVICIOS GENERALES MJP": 0.5142857142857142,
    "SERVICIOS LOGISTICOS DGA SPA": 0.375,
    "SERVICIOS LOG\u00c3\u008dSTICOS GARATE SPA": 0.22611464968152867,
    "SHIPPIFY TECNOLOGIA SPA  ": 0.6666666666666666,
    "SHIPPIFY TECNOLOG\u00c3\u008dA SPA": 0.813141683778234,
    "SOCIEDAD DE TRANSPORTES EL CORSARIO SpA": 0.08945412975135753,
    "STARKEN": 0.08401639344262295,
    "SUNYOU": 0.0,
    "TDT SPA": 0.3843537414965986,
    "THREE_PL": 0.9245283018867925,
    "TODOVA SPA  ": 0.421875,
    "TODOVA SPA CHAZKI": 0.3167701863354037,
    "TRANSPORTE FRANCISCO MARTINEZ": 0.0,
    "TRANSPORTE MAURICIO LUIS ESTEBAN CONCHA": 0.1834862385321101,
    "TRANSPORTES ADAMS MU\u00c3\u2018OZ": 0.424,
    "TRANSPORTES ATENAS LTDA": 0.27358490566037735,
    "TRANSPORTES BENAVIDES S.P.A.  ": 0.35714285714285715,
    "TRANSPORTES ELISET PAREJA LEIVA SPA": 0.0,
    "TRANSPORTES FUENTES ": 0.4191829484902309,
    "TRANSPORTES GOLDEN BOX SPA": 0.5661764705882353,
    "TRANSPORTES GSK SPA": 0.4957983193277311,
    "TRANSPORTES HERRERA SPA": 0.5137931034482759,
    "TRANSPORTES JMB": 0.041666666666666664,
    "TRANSPORTES JUAN PABLO GONZALEZ SCH URTE": 1.0,
    "TRANSPORTES LKW LTDA": 0.11627906976744186,
    "TRANSPORTES LOPEZ SPA": 0.4241379310344828,
    "TRANSPORTES LYA SPA ": 0.4,
    "TRANSPORTES MUSSO LIMITADA ": 0.0,
    "TRANSPORTES MYM SPA": 0.6666666666666666,
    "TRANSPORTES PEREZ FERNANDEZ SPA": 0.445578231292517,
    "TRANSPORTES PEREZ FERNANDEZ SPA  ": 0.0,
    "TRANSPORTES RV LIMITADA": 0.38095238095238093,
    "TRANSPORTES SAETAS": 0.146795827123696,
    "TRANSPORTES SALGADO Y TORRES": 0.19790104947526238,
    "Transportes MTN": 0.5374149659863946,
    "Transportes Monte Ararat spa": 0.3590208522212149,
    "Transportes musso limitada": 0.4176470588235294,
    "VALDISHOPPER SPA": 0.9142857142857143,
    "VALDISHOPPER SpA": 0.10930918281381634,
    "YEVEMASK SPA": 0.4265402843601896,
    "Yevemask spa": 0.0
  },
  "tasa_region": {
    "BIOBIO": 0.07844986303830437,
    "RM": 0.37631952103355915,
    "VALPARAISO": 0.10201332930822284
  },
  "tasa_carrier_region": {
    "('360LION', 'BIOBIO')": 0.0,
    "('ADMINISTRADORA DE SERVICIOS BT SPA', 'VALPARAISO')": 0.06626506024096386,
    "('ALIANZA EMPRESARIAL MAGICO SAC', 'BIOBIO')": 1.0,
    "('ALIANZA EMPRESARIAL MAGICO SAC', 'RM')": 1.0,
    "('BICCI  EBIEX SPA', 'RM')": 1.0,
    "('BLUEEXPRESS', 'BIOBIO')": 0.03761969904240766,
    "('BLUEEXPRESS', 'RM')": 0.11501516683518706,
    "('BLUEEXPRESS', 'VALPARAISO')": 0.11064918452190597,
    "('BORDESUR SPA', 'VALPARAISO')": 0.14448979591836736,
    "('CHILEXPRESS', 'BIOBIO')": 0.05713352921971923,
    "('CHILEXPRESS', 'RM')": 0.18585005279831046,
    "('CHILEXPRESS', 'VALPARAISO')": 0.15702699109161017,
    "('COURIER INTERNACIONAL', 'BIOBIO')": 0.5373134328358209,
    "('COURIER INTERNACIONAL', 'RM')": 0.9277950310559007,
    "('COURIER INTERNACIONAL', 'VALPARAISO')": 1.0,
    "('DHL', 'BIOBIO')": 0.23404255319148937,
    "('DHL', 'RM')": 0.19718309859154928,
    "('DHL', 'VALPARAISO')": 0.5,
    "('E MOV SPA', 'RM')": 0.5151515151515151,
    "('E-BIEX SPA (BICCI)', 'RM')": 0.11294117647058824,
    "('EMPRESA DE TRANSPORTES TRANSVIP SPA', 'BIOBIO')": 0.0,
    "('EMPRESA DE TRANSPORTES TRANSVIP SPA', 'RM')": 0.4628344895936571,
    "('EMPRESA DE TRANSPORTES TRANSVIP SPA', 'VALPARAISO')": 0.06779661016949153,
    "('EMPRESA DE TRANSPORTES TRANSVIP SPA  ', 'RM')": 0.9047619047619048,
    "('ENTREGAR\u00c2\\xa0CHILE\u00c2\\xa0SPA', 'RM')": 0.30120481927710846,
    "('FALABELLA', 'BIOBIO')": 0.01873327386262266,
    "('FALABELLA', 'RM')": 0.4004884004884005,
    "('FALABELLA', 'VALPARAISO')": 0.17358270017533606,
    "('FALABELLA_GROUP', 'BIOBIO')": 0.7142857142857143,
    "('FALABELLA_GROUP', 'RM')": 1.0,
    "('FALABELLA_GROUP', 'VALPARAISO')": 1.0,
    "('FALAFLEX', 'BIOBIO')": 0.28888888888888886,
    "('FALAFLEX', 'RM')": 0.5881395769300307,
    "('FALAFLEX', 'VALPARAISO')": 1.0,
    "('FLASH DELIVERY SCL SPA', 'RM')": 0.37349397590361444,
    "('FLASH DELIVERY SCL SpA', 'RM')": 0.5666666666666667,
    "('Flexit ', 'RM')": 0.3663663663663664,
    "('Francisco Martinez', 'BIOBIO')": 0.13740458015267176,
    "('HOME DELIVERY CORP', 'BIOBIO')": 0.0631891433418151,
    "('HOME DELIVERY CORP', 'RM')": 0.22735234358579134,
    "('HOME DELIVERY CORP', 'VALPARAISO')": 0.02713555095312566,
    "('INVERPADSOL SPA', 'RM')": 0.46938775510204084,
    "('INVERPADSOL SPA  ', 'RM')": 0.8333333333333334,
    "('INVERSIONES ALDANA CID SPA', 'BIOBIO')": 0.0,
    "('INVERSIONES ALDANA CID SPA', 'RM')": 0.45714285714285713,
    "('INVERSIONES ALDANA CID SPA', 'VALPARAISO')": 0.013793103448275862,
    "('INVERSIONES ALDANA CID SPA JOINT', 'BIOBIO')": 0.06612903225806452,
    "('INVERSIONES ALDANA CID SPA JOINT', 'RM')": 0.4368231046931408,
    "('INVERSIONES ALDANA CID SPA JOINT', 'VALPARAISO')": 0.12055974165769645,
    "('INVERSIONES MORA OVALLE SPA', 'BIOBIO')": 0.05280348394120849,
    "('INVERSIONES MORA OVALLE SPA', 'RM')": 0.36363636363636365,
    "('INVERSIONES MORA OVALLE SPA', 'VALPARAISO')": 0.10471204188481675,
    "('LOGISTICA DE SERVICIOS INTEGRALES SPA', 'RM')": 0.23076923076923078,
    "('MAILAMERICAS', 'BIOBIO')": 0.14473684210526316,
    "('MAILAMERICAS', 'RM')": 0.9166666666666666,
    "('MAILAMERICAS', 'VALPARAISO')": 1.0,
    "('NOMAD', 'RM')": 0.042105263157894736,
    "('PUMMA TRANSPORTES  JUAN  PABLO  GONZALEZ  SCHURTER EIRL', 'RM')": 0.3974358974358974,
    "('REDTRUCKS SPA', 'RM')": 0.6666666666666666,
    "('REDTRUCKS SpA', 'RM')": 0.42201834862385323,
    "('ROCKTRUCK', 'BIOBIO')": 0.02903443619176232,
    "('ROCKTRUCK', 'RM')": 0.49056603773584906,
    "('ROCKTRUCK SPA  ', 'BIOBIO')": 0.09090909090909091,
    "('ROCKTRUCK SPA  ', 'RM')": 1.0,
    "('SANTA INES SPA CAM LOGISTC ', 'RM')": 0.8,
    "('SELLER', 'BIOBIO')": 1.0,
    "('SELLER', 'RM')": 0.9914163090128756,
    "('SELLER', 'VALPARAISO')": 1.0,
    "('SERVICIOS DE TRANSPORTE PIPAU SPA', 'VALPARAISO')": 0.014705882352941176,
    "('SERVICIOS GENERALES MJP', 'RM')": 0.5142857142857142,
    "('SERVICIOS LOGISTICOS DGA SPA', 'RM')": 0.375,
    "('SERVICIOS LOG\u00c3\\x8dSTICOS GARATE SPA', 'RM')": 0.5217391304347826,